first_name,last_name,email,phone,twitter
Adrian,Tooley,adrian.tooley@home.com,2078908899,@adriantooley
Brian,Harkin,brian.harkin@home.com,2078879988,@brianharkin
Michael,Dooley,michael.dooley@home.com,2078908899,@michaeldooley
Bill,Parkin,bill.Parkin@home.com,2078879988,@billparkin
Jill,Simons,jill.simons@home.com,2078908899,@jillsimons
Sophie,Parker,sophie.parker@home.com,2078879988,@sophieparker
Elizabeth,Thomes,elizabeth.thomes@home.com,2078908899,@elizabeththomes
Dawn,Davids,dawn.davids@home.com,2078879988,@dawbdavids
Piers,Rockafeller,piers.rockafeller@home.com,2078908899,@piersrockafeller
Annabelle,Parker,annabelle.parker@home.com,2078879988,@annabelleparker
Ahmed,Jamir,ahmed.jamir@home.com,2078908899,@ahmedjamir
Paul,Larsson,paul.larsson@home.com,2078879988,@paullarsson
Andrew,James,andrew.james@home.com,2078908899,@andrewjames
Angus,McDonald,angus.mcdonald@home.com,2078879988,@angusmcdonald
Tina,James,tina.james@home.com,2078908899,@tinajames
Vladymer,Drovosky,vladymer.drovosky@home.com,2078879988,@vladymerdrovosky
Davinder,Singh,davinder.singh@home.com,2078908899,@davindersingh
David,Appleby,david.appleby@home.com,2078879988,@davidappleby
Paul,Middleton,paul.middleton@home.com,2078908899,@paulmiddleton
Andrew,Marks,andrew.marks@home.com,2078879988,@andrewmarks
Mark,Thomas,mark.thomas@home.com,2078908899,@markthomas
Gill,Barnes,gill.barnes@home.com,2078879988,@gillbarnes
Drucilla,Singh,drucilla.singh@home.com,2078908899,@drucillasingh
Parminder,Kahn,parminder.kahn@home.com,2078879988,@parminderkahn
Pria,Patel,pria.patel@home.com,2078908899,@priapatel
Lucy,Strong,lucy.strong@home.com,2078879988,@lucystrong
Susan,Oconnor,susan.oconnor@home.com,2078908899,@susanoconnor
Nina,Polisky,nina.polisky@home.com,2078879988,@ninapolisky
Nadia,Mohammad,nadia.mohammad@home.com,2078908899,@nadiamohammad
Amy,Drewer,amy.drewer@home.com,2078879988,@amydrewer
Peter,Barns,peter.barnes@home.com,2078908899,@peterbarnes
Augustus,Mier,augustus.mier@home.com,2078879988,@augustusmier
Carsten,Shultz,carsten.shultz@home.com,2078908899,@carstenshultz
Jane,Zimmer,jane.zimmer@home.com,2078879988,@janezimmer
Chloe,Parker,chloe.parker@home.com,2078908899,@chloeparker
Sandrah,Harkin,sandrah.harkin@home.com,2078879988,@sandrahharkin
